,precision,recall,f1-score,support
blues,1.0,1.0,1.0,30.0
classical,1.0,1.0,1.0,30.0
country,0.0,0.0,0.0,0.0
electronic,0.0,0.0,0.0,30.0
folk,0.0,0.0,0.0,0.0
hiphop,0.0,0.0,0.0,0.0
jazz,0.0,0.0,0.0,31.0
pop,0.0,0.0,0.0,30.0
rock,0.0,0.0,0.0,30.0
accuracy,0.3314917127071823,0.3314917127071823,0.3314917127071823,0.3314917127071823
macro avg,0.2222222222222222,0.2222222222222222,0.2222222222222222,181.0
weighted avg,0.3314917127071823,0.3314917127071823,0.3314917127071823,181.0
