{
  "pop": 0.3863228699551569,
  "blues": 0.3863228699551569,
  "electronic": 4.537668161434976,
  "classical": 0.37977941176470587,
  "rock": 0.37977941176470587,
  "jazz": 0.37977941176470587
}